variable,unit,horizon_h,model_rmse,persistence_rmse,climatology_rmse,beats_persistence,beats_climatology,pct_improvement_over_persistence,pct_improvement_over_climatology
hs,m,1,0.0287,0.0122,0.1547,False,True,-135.39,81.48
hs,m,6,0.0556,0.0584,0.1554,True,True,4.66,64.19
hs,m,12,0.0783,0.0872,0.155,True,True,10.26,49.5
hs,m,24,0.0912,0.1035,0.1472,True,True,11.91,38.02
hs,m,48,0.112,0.1376,0.1487,True,True,18.62,24.7
hs,m,72,0.1213,0.1566,0.1601,True,True,22.55,24.25
hs,m,96,0.1394,0.1775,0.171,True,True,21.47,18.47
hs,m,144,0.1792,0.2053,0.1922,True,True,12.68,6.72
tp,s,1,0.5541,0.204,1.7214,False,True,-171.59,67.81
tp,s,6,0.8274,0.8117,1.7395,False,True,-1.93,52.44
tp,s,12,1.0107,1.0834,1.7435,True,True,6.71,42.03
tp,s,24,1.0746,1.1799,1.7276,True,True,8.92,37.8
tp,s,48,1.2049,1.343,1.689,True,True,10.28,28.66
tp,s,72,1.3302,1.487,1.6816,True,True,10.55,20.9
tp,s,96,1.3992,1.5876,1.6851,True,True,11.87,16.97
tp,s,144,1.4807,1.7222,1.6308,True,True,14.02,9.21
swell_height,m,1,0.0278,0.0102,0.103,False,True,-172.63,73.0
swell_height,m,6,0.0353,0.0343,0.1029,False,True,-3.15,65.68
swell_height,m,12,0.0425,0.0451,0.1021,True,True,5.87,58.37
swell_height,m,24,0.0499,0.0547,0.0999,True,True,8.8,50.05
swell_height,m,48,0.0596,0.0727,0.1006,True,True,18.11,40.78
swell_height,m,72,0.0663,0.085,0.1015,True,True,21.93,34.62
swell_height,m,96,0.0785,0.0982,0.1028,True,True,20.05,23.65
swell_height,m,144,0.1045,0.1205,0.1136,True,True,13.21,8.01
wind_wave_height,m,1,0.0316,0.0174,0.1348,False,True,-81.62,76.58
wind_wave_height,m,6,0.0689,0.0744,0.1402,True,True,7.37,50.86
wind_wave_height,m,12,0.0882,0.1019,0.1423,True,True,13.4,38.01
wind_wave_height,m,24,0.0927,0.1049,0.1306,True,True,11.64,29.04
wind_wave_height,m,48,0.1062,0.1316,0.134,True,True,19.32,20.75
wind_wave_height,m,72,0.1119,0.1464,0.1454,True,True,23.52,23.01
wind_wave_height,m,96,0.1262,0.1637,0.1562,True,True,22.88,19.21
wind_wave_height,m,144,0.1463,0.1735,0.1729,True,True,15.66,15.39
wind_speed,m/s,1,0.4272,0.3853,1.6756,False,True,-10.87,74.51
wind_speed,m/s,6,0.9629,1.1489,1.7766,True,True,16.19,45.8
wind_speed,m/s,12,1.1138,1.4412,1.7927,True,True,22.72,37.87
wind_speed,m/s,24,1.1671,1.3657,1.6523,True,True,14.54,29.36
wind_speed,m/s,48,1.269,1.5521,1.6435,True,True,18.24,22.79
wind_speed,m/s,72,1.3165,1.6667,1.6957,True,True,21.01,22.36
wind_speed,m/s,96,1.4242,1.8174,1.7359,True,True,21.64,17.96
wind_speed,m/s,144,1.5078,1.8095,1.8119,True,True,16.67,16.78
wind_gust,m/s,1,0.5826,0.538,2.4059,False,True,-8.29,75.79
wind_gust,m/s,6,1.3393,1.737,2.7049,True,True,22.9,50.49
wind_gust,m/s,12,1.5866,2.2289,2.8536,True,True,28.82,44.4
wind_gust,m/s,24,1.6992,1.9116,2.3679,True,True,11.11,28.24
wind_gust,m/s,48,1.9171,2.2999,2.3868,True,True,16.64,19.68
wind_gust,m/s,72,1.9952,2.5027,2.5135,True,True,20.28,20.62
wind_gust,m/s,96,2.1706,2.7141,2.6343,True,True,20.03,17.6
wind_gust,m/s,144,2.3429,2.7453,2.8166,True,True,14.66,16.82
slp,hPa,1,0.4752,0.5558,2.3558,True,True,14.5,79.83
slp,hPa,6,1.1592,2.0348,2.9844,True,True,43.03,61.16
slp,hPa,12,1.1149,1.4125,2.5249,True,True,21.07,55.84
slp,hPa,24,1.1439,1.1063,2.3247,False,True,-3.4,50.79
slp,hPa,48,1.4939,1.591,2.344,True,True,6.11,36.27
slp,hPa,72,1.5908,1.7207,2.338,True,True,7.55,31.96
slp,hPa,96,1.607,1.724,2.3035,True,True,6.78,30.24
slp,hPa,144,1.7108,1.7831,2.2239,True,True,4.06,23.07
current_u,m/s,1,0.0168,0.0072,0.1105,False,True,-133.62,84.76
current_u,m/s,6,0.022,0.0177,0.1099,False,True,-24.61,79.99
current_u,m/s,12,0.027,0.025,0.1093,False,True,-8.13,75.3
current_u,m/s,24,0.0352,0.0353,0.1079,True,True,0.38,67.38
current_u,m/s,48,0.0515,0.0522,0.1052,True,True,1.37,51.0
current_u,m/s,72,0.0649,0.0661,0.1015,True,True,1.75,36.08
current_u,m/s,96,0.0762,0.0766,0.0975,True,True,0.59,21.92
current_u,m/s,144,0.09,0.0898,0.0943,False,True,-0.29,4.51
current_v,m/s,1,0.0177,0.0076,0.0735,False,True,-131.25,75.97
current_v,m/s,6,0.0214,0.0187,0.0733,False,True,-14.59,70.75
current_v,m/s,12,0.0254,0.0265,0.0731,True,True,4.06,65.24
current_v,m/s,24,0.0329,0.0376,0.0725,True,True,12.56,54.62
current_v,m/s,48,0.0432,0.0493,0.0709,True,True,12.43,39.11
current_v,m/s,72,0.0473,0.0533,0.069,True,True,11.26,31.43
current_v,m/s,96,0.0501,0.0563,0.0645,True,True,11.02,22.33
current_v,m/s,144,0.0528,0.0578,0.0603,True,True,8.6,12.5
wind_dir_deg,deg,1,19.6576,20.1844,69.4649,True,True,2.61,71.7
wind_dir_deg,deg,6,44.0842,50.4387,72.2298,True,True,12.6,38.97
wind_dir_deg,deg,12,48.3706,56.8381,75.0088,True,True,14.9,35.51
wind_dir_deg,deg,24,49.0364,51.4784,70.196,True,True,4.74,30.14
wind_dir_deg,deg,48,55.3987,59.801,70.6685,True,True,7.36,21.61
wind_dir_deg,deg,72,59.6557,65.1789,71.2487,True,True,8.47,16.27
wind_dir_deg,deg,96,60.696,67.2843,69.2904,True,True,9.79,12.4
wind_dir_deg,deg,144,63.9139,66.9095,65.0627,True,True,4.48,1.77
current_dir_deg,deg,1,15.821,4.7014,137.4162,False,True,-236.52,88.49
current_dir_deg,deg,6,17.8496,11.5145,137.4112,False,True,-55.02,87.01
current_dir_deg,deg,12,19.9317,16.286,137.3959,False,True,-22.39,85.49
current_dir_deg,deg,24,25.821,23.2009,137.4137,False,True,-11.29,81.21
current_dir_deg,deg,48,33.3853,31.0873,138.5813,False,True,-7.39,75.91
current_dir_deg,deg,72,36.8024,37.9945,139.8613,True,True,3.14,73.69
current_dir_deg,deg,96,39.2319,39.5804,141.0565,True,True,0.88,72.19
current_dir_deg,deg,144,41.986,44.1367,141.2994,True,True,4.87,70.29
