variable,horizon_hours,status,best_model,eval_score,metric
hs,1,DRY_RUN_OK,N/A,,RMSE
hs,6,DRY_RUN_OK,N/A,,RMSE
hs,12,DRY_RUN_OK,N/A,,RMSE
hs,24,DRY_RUN_OK,N/A,,RMSE
hs,48,DRY_RUN_OK,N/A,,RMSE
hs,72,DRY_RUN_OK,N/A,,RMSE
hs,96,DRY_RUN_OK,N/A,,RMSE
hs,144,DRY_RUN_OK,N/A,,RMSE
hs,168,DRY_RUN_OK,N/A,,RMSE
tp,1,DRY_RUN_OK,N/A,,RMSE
tp,6,DRY_RUN_OK,N/A,,RMSE
tp,12,DRY_RUN_OK,N/A,,RMSE
tp,24,DRY_RUN_OK,N/A,,RMSE
tp,48,DRY_RUN_OK,N/A,,RMSE
tp,72,DRY_RUN_OK,N/A,,RMSE
tp,96,DRY_RUN_OK,N/A,,RMSE
tp,144,DRY_RUN_OK,N/A,,RMSE
tp,168,DRY_RUN_OK,N/A,,RMSE
swell_height,1,DRY_RUN_OK,N/A,,RMSE
swell_height,6,DRY_RUN_OK,N/A,,RMSE
swell_height,12,DRY_RUN_OK,N/A,,RMSE
swell_height,24,DRY_RUN_OK,N/A,,RMSE
swell_height,48,DRY_RUN_OK,N/A,,RMSE
swell_height,72,DRY_RUN_OK,N/A,,RMSE
swell_height,96,DRY_RUN_OK,N/A,,RMSE
swell_height,144,DRY_RUN_OK,N/A,,RMSE
swell_height,168,DRY_RUN_OK,N/A,,RMSE
wind_wave_height,1,DRY_RUN_OK,N/A,,RMSE
wind_wave_height,6,DRY_RUN_OK,N/A,,RMSE
wind_wave_height,12,DRY_RUN_OK,N/A,,RMSE
wind_wave_height,24,DRY_RUN_OK,N/A,,RMSE
wind_wave_height,48,DRY_RUN_OK,N/A,,RMSE
wind_wave_height,72,DRY_RUN_OK,N/A,,RMSE
wind_wave_height,96,DRY_RUN_OK,N/A,,RMSE
wind_wave_height,144,DRY_RUN_OK,N/A,,RMSE
wind_wave_height,168,DRY_RUN_OK,N/A,,RMSE
wind_speed,1,DRY_RUN_OK,N/A,,RMSE
wind_speed,6,DRY_RUN_OK,N/A,,RMSE
wind_speed,12,DRY_RUN_OK,N/A,,RMSE
wind_speed,24,DRY_RUN_OK,N/A,,RMSE
wind_speed,48,DRY_RUN_OK,N/A,,RMSE
wind_speed,72,DRY_RUN_OK,N/A,,RMSE
wind_speed,96,DRY_RUN_OK,N/A,,RMSE
wind_speed,144,DRY_RUN_OK,N/A,,RMSE
wind_speed,168,DRY_RUN_OK,N/A,,RMSE
wind_gust,1,DRY_RUN_OK,N/A,,RMSE
wind_gust,6,DRY_RUN_OK,N/A,,RMSE
wind_gust,12,DRY_RUN_OK,N/A,,RMSE
wind_gust,24,DRY_RUN_OK,N/A,,RMSE
wind_gust,48,DRY_RUN_OK,N/A,,RMSE
wind_gust,72,DRY_RUN_OK,N/A,,RMSE
wind_gust,96,DRY_RUN_OK,N/A,,RMSE
wind_gust,144,DRY_RUN_OK,N/A,,RMSE
wind_gust,168,DRY_RUN_OK,N/A,,RMSE
wind_dir,1,DRY_RUN_OK,N/A,,RMSE
wind_dir,6,DRY_RUN_OK,N/A,,RMSE
wind_dir,12,DRY_RUN_OK,N/A,,RMSE
wind_dir,24,DRY_RUN_OK,N/A,,RMSE
wind_dir,48,DRY_RUN_OK,N/A,,RMSE
wind_dir,72,DRY_RUN_OK,N/A,,RMSE
wind_dir,96,DRY_RUN_OK,N/A,,RMSE
wind_dir,144,DRY_RUN_OK,N/A,,RMSE
wind_dir,168,DRY_RUN_OK,N/A,,RMSE
slp,1,DRY_RUN_OK,N/A,,RMSE
slp,6,DRY_RUN_OK,N/A,,RMSE
slp,12,DRY_RUN_OK,N/A,,RMSE
slp,24,DRY_RUN_OK,N/A,,RMSE
slp,48,DRY_RUN_OK,N/A,,RMSE
slp,72,DRY_RUN_OK,N/A,,RMSE
slp,96,DRY_RUN_OK,N/A,,RMSE
slp,144,DRY_RUN_OK,N/A,,RMSE
slp,168,DRY_RUN_OK,N/A,,RMSE
current_u,1,DRY_RUN_OK,N/A,,RMSE
current_u,6,DRY_RUN_OK,N/A,,RMSE
current_u,12,DRY_RUN_OK,N/A,,RMSE
current_u,24,DRY_RUN_OK,N/A,,RMSE
current_u,48,DRY_RUN_OK,N/A,,RMSE
current_u,72,DRY_RUN_OK,N/A,,RMSE
current_u,96,DRY_RUN_OK,N/A,,RMSE
current_u,144,DRY_RUN_OK,N/A,,RMSE
current_u,168,DRY_RUN_OK,N/A,,RMSE
current_v,1,DRY_RUN_OK,N/A,,RMSE
current_v,6,DRY_RUN_OK,N/A,,RMSE
current_v,12,DRY_RUN_OK,N/A,,RMSE
current_v,24,DRY_RUN_OK,N/A,,RMSE
current_v,48,DRY_RUN_OK,N/A,,RMSE
current_v,72,DRY_RUN_OK,N/A,,RMSE
current_v,96,DRY_RUN_OK,N/A,,RMSE
current_v,144,DRY_RUN_OK,N/A,,RMSE
current_v,168,DRY_RUN_OK,N/A,,RMSE
rain_rate_mm_hr,1,DRY_RUN_OK,N/A,,RMSE
rain_rate_mm_hr,6,DRY_RUN_OK,N/A,,RMSE
rain_rate_mm_hr,12,DRY_RUN_OK,N/A,,RMSE
rain_rate_mm_hr,24,DRY_RUN_OK,N/A,,RMSE
rain_rate_mm_hr,48,DRY_RUN_OK,N/A,,RMSE
rain_rate_mm_hr,72,DRY_RUN_OK,N/A,,RMSE
rain_rate_mm_hr,96,DRY_RUN_OK,N/A,,RMSE
rain_rate_mm_hr,144,DRY_RUN_OK,N/A,,RMSE
rain_rate_mm_hr,168,DRY_RUN_OK,N/A,,RMSE
