model,score_test,score_val,pred_time_test,pred_time_val,fit_time_marginal,fit_order,variable,horizon,mase
RecursiveTabular,-0.08614881177423789,-0.09881713364472887,0.09074211120605469,0.0746312141418457,1.6096911430358887,2,hs,1,0.08614881177423789
WeightedEnsemble,-0.1025376760230104,-0.0512189478555353,4.051252841949463,4.445006847381592,0.23499999998603016,4,hs,1,0.1025376760230104
SeasonalNaive,-0.1025376760230104,-0.0512189478555353,4.05025315284729,4.445006847381592,0.013009309768676758,1,hs,1,0.1025376760230104
DirectTabular,-1.4962245975711201,-1.4963108353143297,0.16230487823486328,0.12500452995300293,0.5150146484375,3,hs,1,1.4962245975711201
WeightedEnsemble,-0.10245257480820308,-0.5448798458200627,0.10652565956115723,0.12640036578522995,0.25,4,hs,6,0.10245257480820308
RecursiveTabular,-0.10245257480820308,-0.5448798458200627,0.10492897033691406,0.11140036582946777,0.416273832321167,2,hs,6,0.10245257480820308
SeasonalNaive,-0.10717216996022466,-0.5547425216721047,5.354015111923218,3.7224156856536865,0.023029804229736328,1,hs,6,0.10717216996022466
DirectTabular,-1.5846368225971992,-1.5375616308016706,0.16230225563049316,0.1320033073425293,0.689436674118042,3,hs,6,1.5846368225971992
SeasonalNaive,-0.33080976063015416,-1.707114505134179,0.04608488082885742,0.028361082077026367,0.020246505737304688,1,hs,12,0.33080976063015416
WeightedEnsemble,-0.33883712050345993,-1.043325503019151,0.2917342185974121,0.17450976371765137,0.5309999999590218,4,hs,12,0.33883712050345993
RecursiveTabular,-0.33883712050345993,-1.043325503019151,0.2897329330444336,0.17450976371765137,2.097522020339966,2,hs,12,0.33883712050345993
DirectTabular,-1.6388122385580612,-1.2163063795318243,0.18695902824401855,0.18878555297851562,1.4290754795074463,3,hs,12,1.6388122385580612
SeasonalNaive,-1.0204180688584004,-1.5066285650249343,0.05030012130737305,0.033400774002075195,0.018067598342895508,1,hs,24,1.0204180688584004
RecursiveTabular,-1.1083720865599063,-0.41893665414768416,0.45790767669677734,0.4154396057128906,2.6419310569763184,2,hs,24,1.1083720865599063
WeightedEnsemble,-1.179882758144049,-0.2474318641248694,0.7997176647186279,0.8408391151460819,0.6089999999967404,4,hs,24,1.179882758144049
DirectTabular,-1.469716118501263,-0.9309271806721302,0.2865293025970459,0.37599873542785645,2.8617308139801025,3,hs,24,1.469716118501263
RecursiveTabular,-0.5354922593656323,-4.011777167393305,0.4793710708618164,0.7660295963287354,3.4161131381988525,2,hs,48,0.5354922593656323
WeightedEnsemble,-1.2337616641534679,-0.9591734246056521,0.15539002418518066,0.24396657943725586,0.4220000000204891,4,hs,48,1.2337616641534679
DirectTabular,-1.2337616641534679,-0.9591734246056521,0.15339016914367676,0.24396657943725586,2.510263442993164,3,hs,48,1.2337616641534679
SeasonalNaive,-2.023354065108982,-1.5513314258349329,0.04535174369812012,0.0438692569732666,0.031108379364013672,1,hs,48,2.023354065108982
DirectTabular,-1.1450386544317057,-1.1159827933511481,0.15444660186767578,0.16106390953063965,1.2294020652770996,3,hs,72,1.1450386544317057
WeightedEnsemble,-1.6685602804736377,-0.8178984035238354,0.044008731842041016,0.04749441146850586,0.28100000001722947,4,hs,72,1.6685602804736377
SeasonalNaive,-1.6685602804736377,-0.8178984035238354,0.04300951957702637,0.04749441146850586,0.021078824996948242,1,hs,72,1.6685602804736377
RecursiveTabular,-6.054679257847078,-1.1785952530766814,0.6693699359893799,1.3035953044891357,2.328507423400879,2,hs,72,6.054679257847078
WeightedEnsemble,-1.0515475712911229,-1.839131990456995,2.108734369277954,1.3161332607269287,0.6400000000139698,4,hs,96,1.0515475712911229
SeasonalNaive,-1.1186230598045015,-2.487861683472161,0.11361074447631836,0.051145315170288086,0.0251619815826416,1,hs,96,1.1186230598045015
RecursiveTabular,-1.1511109554347798,-1.8475432594550518,1.7706871032714844,1.1260111331939697,1.3047518730163574,2,hs,96,1.1511109554347798
DirectTabular,-1.4926655644305828,-2.2989687284275866,0.33353185653686523,0.19012212753295898,1.2581202983856201,3,hs,96,1.4926655644305828
SeasonalNaive,-0.9362344942165259,-1.5338397164254687,0.10105657577514648,0.06547784805297852,0.0391993522644043,1,hs,144,0.9362344942165259
DirectTabular,-0.9823064082355535,-1.988134990663604,0.2936277389526367,0.21871447563171387,1.2268941402435303,3,hs,144,0.9823064082355535
WeightedEnsemble,-1.146143816618453,-1.0756195246207019,2.3304126262664795,2.3553833961486816,0.4220000000204891,4,hs,144,1.146143816618453
RecursiveTabular,-3.526729884310448,-3.11309467573187,1.928727388381958,2.0711910724639893,2.008242607116699,2,hs,144,3.526729884310448
SeasonalNaive,-0.8255688105526854,-1.3543509055872949,0.05800962448120117,0.11375951766967773,0.06337809562683105,1,hs,168,0.8255688105526854
DirectTabular,-0.9103593594413744,-2.130606528160517,0.19046831130981445,0.2349224090576172,0.8836963176727295,3,hs,168,0.9103593594413744
WeightedEnsemble,-1.0332600041219182,-1.2296831535328387,2.7603163719177246,2.84570574760437,0.6099999999860302,4,hs,168,1.0332600041219182
RecursiveTabular,-1.1162007822034279,-1.2349363573345362,2.69930362701416,2.7319462299346924,0.9946129322052002,2,hs,168,1.1162007822034279
WeightedEnsemble,-0.3755365351404571,-0.20867526105939152,0.09805512428283691,0.0785975456237793,0.3119999999762513,4,tp,1,0.3755365351404571
RecursiveTabular,-0.3755365351404571,-0.20867526105939152,0.09705519676208496,0.0785975456237793,0.42446088790893555,2,tp,1,0.3755365351404571
SeasonalNaive,-0.39814497657755565,-0.22207076495403408,0.04527449607849121,0.03739500045776367,0.017996788024902344,1,tp,1,0.39814497657755565
DirectTabular,-1.3071292744616783,-1.3074776608010992,0.2073056697845459,0.12725472450256348,0.5008747577667236,3,tp,1,1.3071292744616783
WeightedEnsemble,-0.1245059463723888,-0.32576002578731883,0.11387157440185547,0.1472928524017334,0.32800000003771856,4,tp,6,0.1245059463723888
RecursiveTabular,-0.1245059463723888,-0.32576002578731883,0.1128699779510498,0.1472928524017334,0.44556760787963867,2,tp,6,0.1245059463723888
SeasonalNaive,-0.12656390995780772,-0.32628134477357024,0.038129329681396484,0.02838730812072754,0.024012327194213867,1,tp,6,0.12656390995780772
DirectTabular,-1.288094795090662,-1.328511385887728,0.18146586418151855,0.13501834869384766,0.6383624076843262,3,tp,6,1.288094795090662
RecursiveTabular,-0.20959116485523288,-1.3864445479124996,0.295635461807251,0.1947946548461914,0.44593071937561035,2,tp,12,0.20959116485523288
SeasonalNaive,-0.2261589104567705,-1.390175853905986,0.047844886779785156,0.024194002151489258,0.022031307220458984,1,tp,12,0.2261589104567705
WeightedEnsemble,-1.2949800295726754,-0.35271521295128877,0.2879629135131836,0.12459969520568848,0.5939999999827705,4,tp,12,1.2949800295726754
DirectTabular,-1.2949800295726754,-0.35271521295128877,0.2859804630279541,0.12459969520568848,0.4821288585662842,3,tp,12,1.2949800295726754
RecursiveTabular,-0.7700225530865629,-0.6559651065821887,0.47418999671936035,0.41211414337158203,0.8212635517120361,2,tp,24,0.7700225530865629
SeasonalNaive,-0.8087166046668924,-0.6196986674111343,0.057209014892578125,0.047272443771362305,0.031015634536743164,1,tp,24,0.8087166046668924
WeightedEnsemble,-0.8206389402999931,-0.4560727781034643,0.3110957145690918,0.2857846889528446,0.48399999999674037,4,tp,24,0.8206389402999931
DirectTabular,-0.8341870489739714,-1.0415602416131733,0.2508835792541504,0.22251224517822266,0.8105268478393555,3,tp,24,0.8341870489739714
WeightedEnsemble,-0.6608660162120467,-1.698256757191843,1.2286453247070312,1.3222119808197021,0.5619999999762513,4,tp,48,0.6608660162120467
RecursiveTabular,-0.8054017090423852,-1.9629923250760644,0.8759768009185791,1.016362190246582,1.0927460193634033,2,tp,48,0.8054017090423852
DirectTabular,-0.8245244718247715,-1.8865013458086295,0.3456602096557617,0.3058497905731201,1.917602777481079,3,tp,48,0.8245244718247715
SeasonalNaive,-0.8965530890148475,-2.0295293060908253,0.07353997230529785,0.034580230712890625,0.03945302963256836,1,tp,48,0.8965530890148475
DirectTabular,-1.0783739064850815,-2.2194951084087737,0.25680041313171387,0.26409912109375,3.998762845993042,3,tp,72,1.0783739064850815
WeightedEnsemble,-2.5252668729305174,-1.6334569634545515,0.055010080337524414,0.03584551811218262,0.75,4,tp,72,2.5252668729305174
SeasonalNaive,-2.5252668729305174,-1.6334569634545515,0.05401015281677246,0.03584551811218262,0.036208391189575195,1,tp,72,2.5252668729305174
RecursiveTabular,-2.5718621746258217,-1.6684596196237063,1.0231072902679443,1.1244075298309326,0.8812336921691895,2,tp,72,2.5718621746258217
WeightedEnsemble,-1.6191319033146145,-1.3671311736973852,1.0140724182128906,1.149820327758789,0.32800000003771856,4,tp,96,1.6191319033146145
RecursiveTabular,-1.6191319033146145,-1.3671311736973852,1.013073444366455,1.149820327758789,0.6935031414031982,2,tp,96,1.6191319033146145
SeasonalNaive,-1.630136207662895,-1.3871764153041088,0.041521549224853516,0.052553415298461914,0.032692909240722656,1,tp,96,1.630136207662895
DirectTabular,-1.7670041574380082,-1.733117233663971,0.1686849594116211,0.13934993743896484,0.6488423347473145,3,tp,96,1.7670041574380082
SeasonalNaive,-1.2757027296898529,-1.6675390921048363,0.0760197639465332,0.044370174407958984,0.0209958553314209,1,tp,144,1.2757027296898529
RecursiveTabular,-1.3661795716215295,-1.510163318683732,2.1160125732421875,1.5001530647277832,0.44780850410461426,2,tp,144,1.3661795716215295
WeightedEnsemble,-1.6580393131536608,-0.8820260372336275,2.4147918224334717,1.680189609527588,0.5470000000204891,4,tp,144,1.6580393131536608
DirectTabular,-1.823477111822048,-0.966940327266777,0.2957789897918701,0.1800365447998047,0.5920846462249756,3,tp,144,1.823477111822048
WeightedEnsemble,-1.2349425799094749,-1.0971629925585151,0.2381887435913086,0.29320406913757324,0.4850000000442378,4,tp,168,1.2349425799094749
SeasonalNaive,-1.2783785121954767,-1.4075710426760124,0.055995941162109375,0.06597757339477539,0.03311300277709961,1,tp,168,1.2783785121954767
RecursiveTabular,-1.279023730899483,-1.705151246505766,1.415090560913086,2.3131935596466064,0.9423744678497314,2,tp,168,1.279023730899483
DirectTabular,-1.6354720704183126,-1.1706720814211469,0.17919445037841797,0.22722649574279785,0.7401652336120605,3,tp,168,1.6354720704183126
WeightedEnsemble,-0.01661924510441037,-5.55891618916349e-05,0.2516162395477295,0.24387502670288086,0.25,4,swell_height,1,0.01661924510441037
RecursiveTabular,-0.4583345207034565,-0.43079196650848856,0.07653212547302246,0.07063674926757812,0.43408203125,2,swell_height,1,0.4583345207034565
SeasonalNaive,-0.4717383879781416,-0.44373576309795,0.025010347366333008,0.03507542610168457,0.01621723175048828,1,swell_height,1,0.4717383879781416
DirectTabular,-0.6367987155395207,-0.6370981926153624,0.1460721492767334,0.13816285133361816,0.4316236972808838,3,swell_height,1,0.6367987155395207
WeightedEnsemble,-0.2844338274507083,-0.49908497624651277,0.2704958915710449,0.25432300567626953,0.23399999999674037,4,swell_height,6,0.2844338274507083
SeasonalNaive,-0.3456582473345113,-0.523853106051939,0.03799843788146973,0.04000496864318848,0.03008437156677246,1,swell_height,6,0.3456582473345113
RecursiveTabular,-0.3505377622761023,-0.5147081010402469,0.11289596557617188,0.11397862434387207,0.40735888481140137,2,swell_height,6,0.3505377622761023
DirectTabular,-0.6410212601048149,-0.8118216118595987,0.15461516380310059,0.14034438133239746,0.4281959533691406,3,swell_height,6,0.6410212601048149
RecursiveTabular,-0.419302030456801,-1.0192238942309557,0.18644046783447266,0.15581798553466797,0.36730074882507324,2,swell_height,12,0.419302030456801
WeightedEnsemble,-0.4342466537009492,-0.999449737901474,0.030214548110961914,0.017995357513427734,0.3119999999762513,4,swell_height,12,0.4342466537009492
SeasonalNaive,-0.4342466537009492,-0.999449737901474,0.029201984405517578,0.017995357513427734,0.01598978042602539,1,swell_height,12,0.4342466537009492
DirectTabular,-0.8423131395942379,-1.3954238646892636,0.1654963493347168,0.13452363014221191,1.0485730171203613,3,swell_height,12,0.8423131395942379
SeasonalNaive,-0.7168467085638156,-1.6133470101973082,0.0402376651763916,0.033217430114746094,0.016995906829833984,1,swell_height,24,0.7168467085638156
RecursiveTabular,-0.7214334901393022,-1.663813891864273,0.27077364921569824,0.2175767421722412,0.36969470977783203,2,swell_height,24,0.7214334901393022
WeightedEnsemble,-1.580283936028642,-1.6084125347735327,0.1700577735900879,0.14600396156311035,0.25,4,swell_height,24,1.580283936028642
DirectTabular,-1.580283936028642,-1.6084125347735327,0.1676790714263916,0.14600396156311035,0.5834276676177979,3,swell_height,24,1.580283936028642
SeasonalNaive,-1.882821456586013,-1.9850193404576146,0.04451417922973633,0.03043365478515625,0.020714282989501953,1,swell_height,48,1.882821456586013
DirectTabular,-1.9645020109105393,-0.8062810249983707,0.1610107421875,0.16798901557922363,1.0477664470672607,3,swell_height,48,1.9645020109105393
WeightedEnsemble,-1.9678930927086569,-0.8026831830690767,0.6046478748321533,0.6808047294616699,0.29699999996228144,4,swell_height,48,1.9678930927086569
RecursiveTabular,-2.031645430513263,-1.7411823393610326,0.4406430721282959,0.5128157138824463,1.3083889484405518,2,swell_height,48,2.031645430513263
DirectTabular,-0.9344417364644401,-1.1421103082082018,0.22871994972229004,0.23087573051452637,0.8019430637359619,3,swell_height,72,0.9344417364644401
WeightedEnsemble,-1.4481358208118202,-1.0123926026808512,1.3349335193634033,1.4232003364595585,0.46899999998277053,4,swell_height,72,1.4481358208118202
SeasonalNaive,-1.6498147744606668,-1.10569846312681,0.06941843032836914,0.03492927551269531,0.015021085739135742,1,swell_height,72,1.6498147744606668
RecursiveTabular,-2.700059292025591,-1.248934093455751,1.0307848453521729,1.1413953304290771,1.1184282302856445,2,swell_height,72,2.700059292025591
WeightedEnsemble,-1.0310337935429867,-0.9776156773931706,0.1777176856994629,0.18872714042663574,0.28100000001722947,4,swell_height,96,1.0310337935429867
DirectTabular,-1.0310337935429867,-0.9776156773931706,0.17617297172546387,0.18872714042663574,0.9972965717315674,3,swell_height,96,1.0310337935429867
RecursiveTabular,-1.1963651219715894,-2.1314055235066527,0.9604244232177734,1.5264885425567627,0.7029893398284912,2,swell_height,96,1.1963651219715894
SeasonalNaive,-1.1986439826045148,-1.8239215098861588,0.051470041275024414,0.05171918869018555,0.02838277816772461,1,swell_height,96,1.1986439826045148
WeightedEnsemble,-0.880641081427297,-1.2463468444662362,2.285156488418579,2.117593288421631,0.6099999999860302,4,swell_height,144,0.880641081427297
DirectTabular,-0.891436560890591,-1.4817881717182546,0.2522130012512207,0.1910843849182129,0.6647255420684814,3,swell_height,144,0.891436560890591
SeasonalNaive,-1.043722505000816,-2.353753597408419,0.06701302528381348,0.040517330169677734,0.02351069450378418,1,swell_height,144,1.043722505000816
RecursiveTabular,-1.1680783610166614,-2.3360430245968598,2.029930353164673,1.926508903503418,0.7439694404602051,2,swell_height,144,1.1680783610166614
DirectTabular,-0.9134269012932453,-1.8143789457889163,0.23126220703125,0.23147988319396973,0.7563512325286865,3,swell_height,168,0.9134269012932453
SeasonalNaive,-1.087413266861659,-1.403317179714695,0.0704042911529541,0.06101083755493164,0.031009912490844727,1,swell_height,168,1.087413266861659
WeightedEnsemble,-1.1838512197699778,-1.3937361892670859,1.6950128078460693,2.3839428424835205,0.48399999999674037,4,swell_height,168,1.1838512197699778
RecursiveTabular,-1.1838512197699778,-1.3937361892670859,1.6930170059204102,2.3839428424835205,0.6848621368408203,2,swell_height,168,1.1838512197699778
WeightedEnsemble,-0.20341530986202175,-0.10469757608578784,0.08133077621459961,0.05913496017456055,0.29699999996228144,4,wind_wave_height,1,0.20341530986202175
RecursiveTabular,-0.20341530986202175,-0.10469757608578784,0.07933545112609863,0.05913496017456055,0.3993957042694092,2,wind_wave_height,1,0.20341530986202175
SeasonalNaive,-0.23030816019212036,-0.1150495614769025,0.02299976348876953,0.034015655517578125,0.02098536491394043,1,wind_wave_height,1,0.23030816019212036
DirectTabular,-1.3450812968398385,-1.3452372574690983,0.14311504364013672,0.12783479690551758,0.4619333744049072,3,wind_wave_height,1,1.3450812968398385
WeightedEnsemble,-0.18719571441233165,-0.33904729514429044,0.1130056381225586,0.09830880165100098,0.4220000000204891,4,wind_wave_height,6,0.18719571441233165
RecursiveTabular,-0.18719571441233165,-0.33904729514429044,0.11200523376464844,0.09830880165100098,0.35726308822631836,2,wind_wave_height,6,0.18719571441233165
SeasonalNaive,-0.19111982424857396,-0.34738567253771424,0.03399825096130371,0.018773317337036133,0.016997098922729492,1,wind_wave_height,6,0.19111982424857396
DirectTabular,-1.5337730712874278,-1.6531022462189722,0.14700031280517578,0.12787151336669922,0.4098501205444336,3,wind_wave_height,6,1.5337730712874278
SeasonalNaive,-0.2688669931285048,-1.5524239007891767,0.036043405532836914,0.04981565475463867,0.056641578674316406,1,wind_wave_height,12,0.2688669931285048
RecursiveTabular,-0.2693918316823151,-1.5699234080858941,0.30376100540161133,0.27825498580932617,0.7834281921386719,2,wind_wave_height,12,0.2693918316823151
WeightedEnsemble,-1.5973012814631202,-0.8628435548995501,0.2556593418121338,0.2976539134979248,0.6399999999557622,4,wind_wave_height,12,1.5973012814631202
DirectTabular,-1.5973012814631202,-0.8628435548995501,0.25366663932800293,0.2976539134979248,0.9260697364807129,3,wind_wave_height,12,1.5973012814631202
RecursiveTabular,-0.8871879417873424,-1.2566576606925306,0.419081449508667,0.39310669898986816,1.0105373859405518,2,wind_wave_height,24,0.8871879417873424
SeasonalNaive,-0.9115698985343856,-1.251252208251065,0.04565906524658203,0.04499650001525879,0.042077064514160156,1,wind_wave_height,24,0.9115698985343856
WeightedEnsemble,-1.0617209129381013,-0.8101632243953446,0.2636704444885254,0.2795445919036865,0.5630000000237487,4,wind_wave_height,24,1.0617209129381013
DirectTabular,-1.1789119485702697,-1.0651793412545476,0.21300649642944336,0.23454809188842773,0.8790290355682373,3,wind_wave_height,24,1.1789119485702697
DirectTabular,-1.2040138954904684,-0.9697809124656877,0.26171422004699707,0.21758484840393066,0.9491510391235352,3,wind_wave_height,48,1.2040138954904684
WeightedEnsemble,-1.2115166778239053,-0.9683103671254835,1.1597919464111328,1.074312892917078,0.6869999999762513,4,wind_wave_height,48,1.2115166778239053
SeasonalNaive,-1.7099241400810559,-1.434647066939631,0.046157121658325195,0.04163980484008789,0.038908958435058594,1,wind_wave_height,48,1.7099241400810559
RecursiveTabular,-1.7882111726339376,-1.4241040823130824,0.8940830230712891,0.8407280445098877,0.8223397731781006,2,wind_wave_height,48,1.7882111726339376
DirectTabular,-1.1346901461097685,-1.0980799735847497,0.2579953670501709,0.2496204376220703,1.1440820693969727,3,wind_wave_height,72,1.1346901461097685
SeasonalNaive,-1.5619025579649093,-0.8080298000342887,0.05991482734680176,0.044240474700927734,0.04204726219177246,1,wind_wave_height,72,1.5619025579649093
WeightedEnsemble,-1.88285894723029,-0.7683394646662572,1.1489038467407227,1.3762638244661503,0.5310000000172295,4,wind_wave_height,72,1.88285894723029
RecursiveTabular,-4.67270338677998,-1.3381199015117515,1.08500337600708,1.316023349761963,2.1090259552001953,2,wind_wave_height,72,4.67270338677998
RecursiveTabular,-1.028179258267671,-2.4487698313183244,1.6183867454528809,1.3930976390838623,0.8495628833770752,2,wind_wave_height,96,1.028179258267671
SeasonalNaive,-1.0283517360450765,-2.316681810151182,0.051543235778808594,0.04522538185119629,0.03397727012634277,1,wind_wave_height,96,1.0283517360450765
WeightedEnsemble,-1.0440641342267776,-0.7005005116155335,0.213348388671875,0.15097570419311523,0.29699999996228144,4,wind_wave_height,96,1.0440641342267776
DirectTabular,-1.0440641342267776,-0.7005005116155335,0.21234893798828125,0.15097570419311523,0.4949049949645996,3,wind_wave_height,96,1.0440641342267776
RecursiveTabular,-0.8805915841742499,-1.4887802672537829,2.267084836959839,2.415201187133789,0.9319765567779541,2,wind_wave_height,144,0.8805915841742499
SeasonalNaive,-0.8975182223884707,-1.4415982849116584,0.06429338455200195,0.05017542839050293,0.02410411834716797,1,wind_wave_height,144,0.8975182223884707
WeightedEnsemble,-0.9031915568063096,-1.4395583432045882,0.37181758880615234,0.3071937236818485,0.5,4,wind_wave_height,144,0.9031915568063096
DirectTabular,-0.9944959815267416,-1.8718193561169976,0.30452466011047363,0.24101829528808594,0.8087105751037598,3,wind_wave_height,144,0.9944959815267416
SeasonalNaive,-0.7781500744030019,-1.286454470329484,0.06699061393737793,0.060422658920288086,0.030855417251586914,1,wind_wave_height,168,0.7781500744030019
WeightedEnsemble,-0.7832873592439268,-1.2760644359137931,2.5027852058410645,2.656611919403076,0.5630000000237487,4,wind_wave_height,168,0.7832873592439268
RecursiveTabular,-0.7832873592439268,-1.2760644359137931,2.5007855892181396,2.656611919403076,0.7839484214782715,2,wind_wave_height,168,0.7832873592439268
DirectTabular,-0.8695777484033943,-1.9301614230431487,0.2623879909515381,0.30791330337524414,0.8615055084228516,3,wind_wave_height,168,0.8695777484033943
RecursiveTabular,-0.03368490315455932,-0.04495915325564456,0.1289973258972168,0.11949849128723145,3.219313144683838,2,wind_speed,1,0.03368490315455932
WeightedEnsemble,-0.035034518220448646,-2.9485285630788288e-05,0.4181647300720215,0.4027732753311284,0.5,4,wind_speed,1,0.035034518220448646
SeasonalNaive,-0.0682040753455872,-0.16830799843046745,0.04799222946166992,0.03081655502319336,0.035089731216430664,1,wind_speed,1,0.0682040753455872
DirectTabular,-0.2276573456131927,-0.3158750797606817,0.23291540145874023,0.2374582290649414,2.9448015689849854,3,wind_speed,1,0.2276573456131927
WeightedEnsemble,-0.20299933812132456,-0.22819786726703473,0.03800249099731445,0.040917158126831055,0.5310000000172295,4,wind_speed,6,0.20299933812132456
SeasonalNaive,-0.20299933812132456,-0.22819786726703473,0.03700113296508789,0.040917158126831055,0.037981510162353516,1,wind_speed,6,0.20299933812132456
DirectTabular,-0.2691829618189912,-0.264909960009575,0.2341291904449463,0.21762847900390625,3.0465900897979736,3,wind_speed,6,0.2691829618189912
RecursiveTabular,-0.5803481056546062,-0.715544117814214,0.2012939453125,0.1898500919342041,2.863290786743164,2,wind_speed,6,0.5803481056546062
SeasonalNaive,-0.21511403984230723,-1.2523602627167725,0.04386115074157715,0.03000473976135254,0.03126692771911621,1,wind_speed,12,0.21511403984230723
RecursiveTabular,-0.905186567616186,-1.353755009702039,0.32754015922546387,0.19072341918945312,2.2312419414520264,2,wind_speed,12,0.905186567616186
WeightedEnsemble,-1.4330326690006192,-0.48712186130251584,0.29451823234558105,0.2282543182373047,0.4369999999762513,4,wind_speed,12,1.4330326690006192
DirectTabular,-1.4330326690006192,-0.48712186130251584,0.29243969917297363,0.2282543182373047,0.8690872192382812,3,wind_speed,12,1.4330326690006192
RecursiveTabular,-0.719878304091026,-1.2132043136950565,0.3841280937194824,0.4666731357574463,0.978290319442749,2,wind_speed,24,0.719878304091026
SeasonalNaive,-0.7340750324140336,-1.2148215003445875,0.04685616493225098,0.05295753479003906,0.038927555084228516,1,wind_speed,24,0.7340750324140336
WeightedEnsemble,-0.7604857473717228,-0.8893599951926779,0.6311967372894287,0.989335298538208,0.34399999998277053,4,wind_speed,24,0.7604857473717228
DirectTabular,-0.8936289987331533,-1.2967093619000825,0.19421076774597168,0.46970462799072266,0.9983711242675781,3,wind_speed,24,0.8936289987331533
DirectTabular,-1.1264780410162967,-1.0317011898080848,0.195326566696167,0.21167373657226562,0.8763577938079834,3,wind_speed,48,1.1264780410162967
WeightedEnsemble,-1.1308356855325818,-1.0298753133518375,0.8335607051849365,0.7874095439910889,0.48399999999674037,4,wind_speed,48,1.1308356855325818
SeasonalNaive,-1.5333915856724245,-1.549089400177636,0.038881540298461914,0.04766273498535156,0.03011465072631836,1,wind_speed,48,1.5333915856724245
RecursiveTabular,-1.585450207745546,-1.5447457901493058,0.6342225074768066,0.5757358074188232,0.7831737995147705,2,wind_speed,48,1.585450207745546
DirectTabular,-1.2251279946007563,-1.104700387419495,0.18392038345336914,0.18365955352783203,0.5420005321502686,3,wind_speed,72,1.2251279946007563
WeightedEnsemble,-1.6463449334961586,-0.9120676072531109,0.0390017032623291,0.038654327392578125,0.25,4,wind_speed,72,1.6463449334961586
SeasonalNaive,-1.6463449334961586,-0.9120676072531109,0.037999629974365234,0.038654327392578125,0.01923203468322754,1,wind_speed,72,1.6463449334961586
RecursiveTabular,-1.6974843332830942,-0.9758286787567173,0.8434469699859619,0.8504984378814697,0.5215280055999756,2,wind_speed,72,1.6974843332830942
WeightedEnsemble,-1.0247399671905253,-0.8258914030334111,0.24995112419128418,0.21998906135559082,0.375,4,wind_speed,96,1.0247399671905253
DirectTabular,-1.050204359251978,-0.9021359519274735,0.19495701789855957,0.18950223922729492,0.46634554862976074,3,wind_speed,96,1.050204359251978
SeasonalNaive,-1.121962461895207,-2.168963923739464,0.05200052261352539,0.0304868221282959,0.013994455337524414,1,wind_speed,96,1.121962461895207
RecursiveTabular,-1.1335758011724515,-2.26388232133951,1.168487548828125,1.0929670333862305,0.460817813873291,2,wind_speed,96,1.1335758011724515
RecursiveTabular,-0.9273446544522908,-1.4699033133389912,1.6642179489135742,1.4862654209136963,0.48041749000549316,2,wind_speed,144,0.9273446544522908
SeasonalNaive,-0.943094319794501,-1.4247993507281211,0.060372352600097656,0.04700660705566406,0.0219724178314209,1,wind_speed,144,0.943094319794501
WeightedEnsemble,-0.9582033062512162,-1.3807138574320237,0.25637340545654297,0.2142784595489502,0.25,4,wind_speed,144,0.9582033062512162
DirectTabular,-1.0758173088931828,-1.886046687108313,0.19300580024719238,0.16727185249328613,0.5088517665863037,3,wind_speed,144,1.0758173088931828
WeightedEnsemble,-0.9268073075355742,-1.2855940327175337,2.4697885513305664,2.09334397315979,0.3130000000237487,4,wind_speed,168,0.9268073075355742
SeasonalNaive,-0.9380123789320236,-1.3100255084545747,0.0633399486541748,0.06140446662902832,0.026025772094726562,1,wind_speed,168,0.9380123789320236
RecursiveTabular,-0.9384889103019357,-1.286454640598451,2.169745445251465,1.8668560981750488,0.7714369297027588,2,wind_speed,168,0.9384889103019357
DirectTabular,-0.9635740740018135,-1.9809895383284595,0.2970461845397949,0.2264878749847412,0.4954192638397217,3,wind_speed,168,0.9635740740018135
WeightedEnsemble,-0.013240099535110881,-1.917092959133321e-07,0.3670475482940674,0.3079697761568241,0.28100000001722947,4,wind_gust,1,0.013240099535110881
RecursiveTabular,-0.30910483974456854,-0.36344956544743856,0.11280274391174316,0.08313107490539551,0.408428430557251,2,wind_gust,1,0.30910483974456854
SeasonalNaive,-0.32955571270657147,-0.3834960207240218,0.03899836540222168,0.022783756256103516,0.015999317169189453,1,wind_gust,1,0.32955571270657147
DirectTabular,-1.089386085538916,-1.3483378599018216,0.2072463035583496,0.18605494499206543,0.48154354095458984,3,wind_gust,1,1.089386085538916
WeightedEnsemble,-0.4083173036964986,-0.685028268398178,0.20965886116027832,0.14714431762695312,0.26600000000325963,4,wind_gust,6,0.4083173036964986
RecursiveTabular,-0.4083173036964986,-0.685028268398178,0.20766162872314453,0.14714431762695312,0.409008264541626,2,wind_gust,6,0.4083173036964986
SeasonalNaive,-0.4118318864114132,-0.6909531820156375,0.035959482192993164,0.03568625450134277,0.018988847732543945,1,wind_gust,6,0.4118318864114132
DirectTabular,-1.6653433650207443,-1.6077488291368847,0.38599348068237305,0.1906290054321289,0.4742555618286133,3,wind_gust,6,1.6653433650207443
SeasonalNaive,-0.5509988991597937,-1.2571972071880835,0.03599977493286133,0.021398544311523438,0.02240467071533203,1,wind_gust,12,0.5509988991597937
RecursiveTabular,-0.5530186986272564,-1.2726602588432971,0.2762451171875,0.19601726531982422,0.40993285179138184,2,wind_gust,12,0.5530186986272564
WeightedEnsemble,-1.6755089966406702,-0.8870715409441473,0.24078893661499023,0.17319893836975098,0.46899999998277053,4,wind_gust,12,1.6755089966406702
DirectTabular,-1.6755089966406702,-0.8870715409441473,0.23878788948059082,0.17319893836975098,0.4795341491699219,3,wind_gust,12,1.6755089966406702
RecursiveTabular,-0.8849495344974464,-1.4351662507641196,0.36126041412353516,0.34633350372314453,0.5591425895690918,2,wind_gust,24,0.8849495344974464
SeasonalNaive,-0.9049800990952721,-1.4242089298304583,0.03600454330444336,0.02905106544494629,0.01808643341064453,1,wind_gust,24,0.9049800990952721
WeightedEnsemble,-1.1070304619843272,-1.0125094474117469,0.2406775951385498,0.2140824794769287,0.31200000003445894,4,wind_gust,24,1.1070304619843272
DirectTabular,-1.2453096285526062,-1.0445255900497985,0.20066452026367188,0.18503141403198242,0.5911233425140381,3,wind_gust,24,1.2453096285526062
WeightedEnsemble,-1.2066652295092544,-0.794954410597434,0.20537185668945312,0.16890859603881836,0.28100000001722947,4,wind_gust,48,1.2066652295092544
DirectTabular,-1.2066652295092544,-0.794954410597434,0.20337295532226562,0.16890859603881836,0.533233642578125,3,wind_gust,48,1.2066652295092544
SeasonalNaive,-1.8244748416998633,-1.2553045134695422,0.04699397087097168,0.028486967086791992,0.018021106719970703,1,wind_gust,48,1.8244748416998633
RecursiveTabular,-1.8929175497598916,-1.2460261896848455,0.6491551399230957,0.622730016708374,0.43029332160949707,2,wind_gust,48,1.8929175497598916
DirectTabular,-1.0939171457719088,-0.9772347309798329,0.18631458282470703,0.21776580810546875,0.8447201251983643,3,wind_gust,72,1.0939171457719088
WeightedEnsemble,-1.358534709944275,-0.7900064197296196,0.05507922172546387,0.04102134704589844,0.25,4,wind_gust,72,1.358534709944275
SeasonalNaive,-1.358534709944275,-0.7900064197296196,0.05308032035827637,0.04102134704589844,0.015087127685546875,1,wind_gust,72,1.358534709944275
RecursiveTabular,-1.4666706906707112,-0.8531646492551379,0.8439319133758545,0.9283497333526611,0.47258567810058594,2,wind_gust,72,1.4666706906707112
SeasonalNaive,-0.9816759988888578,-1.9213959795569024,0.06689071655273438,0.03749275207519531,0.022016286849975586,1,wind_gust,96,0.9816759988888578
WeightedEnsemble,-0.9858523831825563,-0.8156258110954671,0.3822183609008789,0.24120807647705078,0.48499999998603016,4,wind_gust,96,0.9858523831825563
DirectTabular,-0.9923259340654603,-0.8194360455567975,0.3097996711730957,0.20371532440185547,0.5295460224151611,3,wind_gust,96,0.9923259340654603
RecursiveTabular,-1.0038133878289737,-2.093241628391826,1.4442851543426514,1.1977896690368652,0.44356632232666016,2,wind_gust,96,1.0038133878289737
RecursiveTabular,-0.8998639846739422,-1.6519342929660747,1.9507460594177246,1.671837568283081,0.5514218807220459,2,wind_gust,144,0.8998639846739422
WeightedEnsemble,-0.9079568203381597,-1.477063553725303,0.25709009170532227,0.2825796604156494,0.5779999999795109,4,wind_gust,144,0.9079568203381597
SeasonalNaive,-0.912698248422029,-1.569093666285423,0.05700421333312988,0.061997413635253906,0.030991315841674805,1,wind_gust,144,0.912698248422029
DirectTabular,-0.9349921972432532,-1.957951774143858,0.19708585739135742,0.2205822467803955,0.6637084484100342,3,wind_gust,144,0.9349921972432532
DirectTabular,-0.8569078972768587,-2.1344437410618746,0.19246459007263184,0.19624996185302734,0.7652790546417236,3,wind_gust,168,0.8569078972768587
WeightedEnsemble,-1.0051680039293418,-1.1882643173695155,1.7343595027923584,1.9963829517364502,0.25,4,wind_gust,168,1.0051680039293418
RecursiveTabular,-1.0051680039293418,-1.1882643173695155,1.7323286533355713,1.9963829517364502,0.33823633193969727,2,wind_gust,168,1.0051680039293418
SeasonalNaive,-1.0157684984249822,-1.2151045702944197,0.05600142478942871,0.0417630672454834,0.01690983772277832,1,wind_gust,168,1.0157684984249822
WeightedEnsemble,-0.24935299471647696,-0.0001774435444611389,0.24529075622558594,0.17460274696350098,0.4059999999590218,4,wind_dir,1,0.24935299471647696
DirectTabular,-0.6395124501986102,-0.4055581879178424,0.20829010009765625,0.14400529861450195,0.5738430023193359,3,wind_dir,1,0.6395124501986102
RecursiveTabular,-0.7382053792895653,-1.094370839310192,0.1172337532043457,0.07948994636535645,0.37510037422180176,2,wind_dir,1,0.7382053792895653
SeasonalNaive,-0.7792492061000577,-1.0685536098035413,0.033002376556396484,0.030597448348999023,0.017010927200317383,1,wind_dir,1,0.7792492061000577
WeightedEnsemble,-0.6796046431645609,-0.8667232783055668,0.1730210781097412,0.10511636734008789,0.28100000001722947,4,wind_dir,6,0.6796046431645609
RecursiveTabular,-0.6796046431645609,-0.8667232783055668,0.17085909843444824,0.10511636734008789,0.4734532833099365,2,wind_dir,6,0.6796046431645609
SeasonalNaive,-0.7087295562567736,-0.8784938207602533,0.04539775848388672,0.0423731803894043,0.056107521057128906,1,wind_dir,6,0.7087295562567736
DirectTabular,-1.150144901367843,-2.0496541988918104,0.18255925178527832,0.1833038330078125,0.4427759647369385,3,wind_dir,6,1.150144901367843
RecursiveTabular,-0.7895126799795076,-0.3635047535531097,0.16754579544067383,0.20261073112487793,0.4575462341308594,2,wind_dir,12,0.7895126799795076
WeightedEnsemble,-0.7933453533935806,-0.3631456503260377,0.03670310974121094,0.019483327865600586,0.2809999999590218,4,wind_dir,12,0.7933453533935806
SeasonalNaive,-0.7933453533935806,-0.3631456503260377,0.034996747970581055,0.019483327865600586,0.011995792388916016,1,wind_dir,12,0.7933453533935806
DirectTabular,-1.655992033031816,-1.466806567829557,0.2039015293121338,0.1820065975189209,0.5454921722412109,3,wind_dir,12,1.655992033031816
SeasonalNaive,-0.5751008207035704,-1.4713411523129245,0.045752763748168945,0.034299373626708984,0.020003795623779297,1,wind_dir,24,0.5751008207035704
RecursiveTabular,-0.5798229901436937,-1.5143527286898506,0.3509683609008789,0.3321499824523926,0.39244890213012695,2,wind_dir,24,0.5798229901436937
WeightedEnsemble,-1.5707101271264392,-1.2970241456120444,0.1945018768310547,0.17812657356262207,0.3119999999762513,4,wind_dir,24,1.5707101271264392
DirectTabular,-1.5707101271264392,-1.2970241456120444,0.19350242614746094,0.17812657356262207,0.4938316345214844,3,wind_dir,24,1.5707101271264392
WeightedEnsemble,-1.352763123072312,-1.2753053134267855,0.18312668800354004,0.19380974769592285,0.3440000000409782,4,wind_dir,48,1.352763123072312
DirectTabular,-1.352763123072312,-1.2753053134267855,0.18212461471557617,0.19380974769592285,2.0096521377563477,3,wind_dir,48,1.352763123072312
SeasonalNaive,-1.6093277943088176,-1.4186413197842145,0.031006336212158203,0.0302889347076416,0.017985820770263672,1,wind_dir,48,1.6093277943088176
RecursiveTabular,-1.615175894367909,-1.4167432788652075,0.5322606563568115,0.7493419647216797,0.37831711769104004,2,wind_dir,48,1.615175894367909
WeightedEnsemble,-1.2011564605070506,-1.0922410339760928,0.21391892433166504,0.17917227745056152,0.42099999997299165,4,wind_dir,72,1.2011564605070506
DirectTabular,-1.2011564605070506,-1.0922410339760928,0.21291899681091309,0.17917227745056152,1.7436635494232178,3,wind_dir,72,1.2011564605070506
SeasonalNaive,-2.3508579065716324,-1.7602152771377746,0.06657528877258301,0.03231620788574219,0.022784709930419922,1,wind_dir,72,2.3508579065716324
RecursiveTabular,-2.6572510710409767,-1.4426323950389641,0.8251633644104004,1.1506669521331787,1.0777864456176758,2,wind_dir,72,2.6572510710409767
DirectTabular,-1.3482538023545134,-0.8581812980358766,0.23711037635803223,0.18379831314086914,1.7833123207092285,3,wind_dir,96,1.3482538023545134
SeasonalNaive,-1.4670721373058218,-1.0333580548861232,0.06127643585205078,0.05385184288024902,0.017995119094848633,1,wind_dir,96,1.4670721373058218
WeightedEnsemble,-1.7913596863213652,-0.8325514250797849,1.4530956745147705,1.5309693813323975,0.3119999999762513,4,wind_dir,96,1.7913596863213652
RecursiveTabular,-1.8414527476946894,-0.8330169451027745,1.211975336074829,1.3471710681915283,1.4621446132659912,2,wind_dir,96,1.8414527476946894
RecursiveTabular,-1.335589404922503,-1.4900073204966664,1.6273841857910156,2.1998438835144043,1.6610779762268066,2,wind_dir,144,1.335589404922503
WeightedEnsemble,-1.3602340238533506,-0.9507137043602744,0.2570960521697998,0.23868775367736816,0.29599999997299165,4,wind_dir,144,1.3602340238533506
SeasonalNaive,-1.3688979641293915,-1.4250294286555816,0.057001590728759766,0.04450845718383789,0.018940210342407227,1,wind_dir,144,1.3688979641293915
DirectTabular,-1.4028898516533799,-0.9571662060200854,0.19609785079956055,0.19417929649353027,1.6198179721832275,3,wind_dir,144,1.4028898516533799
SeasonalNaive,-1.2782381131140201,-1.250281825379076,0.05300116539001465,0.05591273307800293,0.024080514907836914,1,wind_dir,168,1.2782381131140201
WeightedEnsemble,-1.3067778713591223,-0.8889003148107125,0.2681763172149658,0.2412111759185791,0.34299999999348074,4,wind_dir,168,1.3067778713591223
DirectTabular,-1.348115330433067,-0.9148864903894735,0.2106456756591797,0.18529844284057617,0.8420562744140625,3,wind_dir,168,1.348115330433067
RecursiveTabular,-1.3751249214505163,-1.4285897499049187,1.9485697746276855,2.1172375679016113,0.8877246379852295,2,wind_dir,168,1.3751249214505163
DirectTabular,-0.06860929936451511,-0.45024815201191204,0.2364635467529297,0.1560041904449463,2.2054407596588135,3,slp,1,0.06860929936451511
WeightedEnsemble,-0.3485665602809379,-0.0004698241586940519,0.3203864097595215,0.22101044654846191,0.26600000000325963,4,slp,1,0.3485665602809379
RecursiveTabular,-0.45286052519202774,-0.11314931820125441,0.0789194107055664,0.06500625610351562,1.9961163997650146,2,slp,1,0.45286052519202774
SeasonalNaive,-1.2353588824235517,-1.0654241597064484,0.03009033203125,0.037634849548339844,0.03398704528808594,1,slp,1,1.2353588824235517
RecursiveTabular,-0.23456315331878577,-0.32515379601530575,0.18920373916625977,0.1300044059753418,7.214806318283081,2,slp,6,0.23456315331878577
WeightedEnsemble,-0.4157527239473719,-0.26312065461406986,0.4099462032318115,0.311657190322876,0.2970000000204891,4,slp,6,0.4157527239473719
DirectTabular,-0.6814926538856746,-1.8865193021272857,0.18174481391906738,0.15766143798828125,1.5567724704742432,3,slp,6,0.6814926538856746
SeasonalNaive,-1.4882655861024914,-1.6307281460982763,0.03399920463562012,0.02399134635925293,0.02001023292541504,1,slp,6,1.4882655861024914
WeightedEnsemble,-0.590756547070786,-1.2458032877756524,0.2253861427307129,0.19832372665405273,0.2970000000204891,4,slp,12,0.590756547070786
RecursiveTabular,-0.590756547070786,-1.2458032877756524,0.22338342666625977,0.19832372665405273,2.5045039653778076,2,slp,12,0.590756547070786
DirectTabular,-1.384945638050244,-1.9565705477026467,0.3353888988494873,0.18686246871948242,9.060555219650269,3,slp,12,1.384945638050244
SeasonalNaive,-1.5624000341231394,-1.7773658093387723,0.035010337829589844,0.02542257308959961,0.028102874755859375,1,slp,12,1.5624000341231394
DirectTabular,-1.4967164494567076,-1.1891483937851381,0.22299957275390625,0.18983840942382812,2.259392261505127,3,slp,24,1.4967164494567076
WeightedEnsemble,-1.6724739808173144,-0.4412586734716843,0.8085780143737793,0.574009895324707,0.375,4,slp,24,1.6724739808173144
SeasonalNaive,-1.6774424011938425,-0.6779522322199923,0.04839682579040527,0.030478715896606445,0.030580520629882812,1,slp,24,1.6774424011938425
RecursiveTabular,-1.7019517599842755,-0.7436638268273988,0.5311782360076904,0.35369277000427246,3.067155599594116,2,slp,24,1.7019517599842755
SeasonalNaive,-0.9569829122308023,-1.638929351381088,0.04600024223327637,0.045009613037109375,0.027002334594726562,1,slp,48,0.9569829122308023
WeightedEnsemble,-1.425840463943788,-1.034393062053864,0.6443707942962646,0.6551077365875244,0.39000000001396984,4,slp,48,1.425840463943788
RecursiveTabular,-1.425840463943788,-1.034393062053864,0.6423704624176025,0.6551077365875244,2.1372182369232178,2,slp,48,1.425840463943788
DirectTabular,-3.095349947057599,-2.991179458276779,0.30631589889526367,0.2163374423980713,8.699024200439453,3,slp,48,3.095349947057599
WeightedEnsemble,-0.795683188358566,-1.1734062155788396,0.27353906631469727,0.3068318042787723,0.6560000000172295,4,slp,72,0.795683188358566
SeasonalNaive,-1.0467756923077483,-1.408416309359036,0.05680131912231445,0.042386770248413086,0.0463871955871582,1,slp,72,1.0467756923077483
DirectTabular,-1.9762662120942285,-4.071459040336039,0.21375298500061035,0.2484450340270996,1.933974266052246,3,slp,72,1.9762662120942285
RecursiveTabular,-2.611659391708015,-3.2097376852745296,0.99979567527771,0.922290563583374,5.357100486755371,2,slp,72,2.611659391708015
WeightedEnsemble,-0.8791358199722294,-1.8936885434372497,1.7913455963134766,1.6425044212373905,0.5940000000409782,4,slp,96,0.8791358199722294
RecursiveTabular,-1.5595569778529852,-4.849006539244727,1.7243297100067139,1.582432508468628,1.7941091060638428,2,slp,96,1.5595569778529852
SeasonalNaive,-1.9989917509076796,-4.601351788662692,0.06401324272155762,0.04407191276550293,0.02311563491821289,1,slp,96,1.9989917509076796
DirectTabular,-2.2946202361868226,-4.99982638927469,0.30349302291870117,0.2312638759613037,1.4431235790252686,3,slp,96,2.2946202361868226
SeasonalNaive,-2.2959443776894557,-2.2579309505436296,0.0672297477722168,0.05900311470031738,0.03501439094543457,1,slp,144,2.2959443776894557
DirectTabular,-2.311999590246694,-2.4013467007865454,0.23845815658569336,0.3079054355621338,1.9364755153656006,3,slp,144,2.311999590246694
WeightedEnsemble,-5.20658160029708,-1.6094622024555483,2.1145899295806885,2.3496904373168945,0.46899999998277053,4,slp,144,5.20658160029708
RecursiveTabular,-5.294050550762999,-1.6099218169539373,1.8711347579956055,2.0417850017547607,1.5555129051208496,2,slp,144,5.294050550762999
RecursiveTabular,-1.9549424826467734,-2.5775378546385443,2.273155689239502,2.883239507675171,1.2608978748321533,2,slp,168,1.9549424826467734
SeasonalNaive,-2.289174944574556,-1.908274412807626,0.07112526893615723,0.05717182159423828,0.022051334381103516,1,slp,168,2.289174944574556
WeightedEnsemble,-3.3968894425840648,-1.2240505804310549,0.31624364852905273,0.29393482208251953,0.4380000000237487,4,slp,168,3.3968894425840648
DirectTabular,-4.49600137949041,-1.6301990203986072,0.23812389373779297,0.23676300048828125,0.8826072216033936,3,slp,168,4.49600137949041
RecursiveTabular,-0.019369007249438012,-2.207369288862616e-06,0.11400675773620605,0.09441590309143066,1.5322587490081787,2,current_u,1,0.019369007249438012
WeightedEnsemble,-0.019456402433231934,-3.3631839261008855e-09,0.5028784275054932,0.3580799102783203,0.35999999998603016,4,current_u,1,0.019456402433231934
DirectTabular,-0.022733721825511068,-8.290583090256949e-05,0.3808705806732178,0.26366400718688965,1.6319694519042969,3,current_u,1,0.022733721825511068
SeasonalNaive,-1.1161835871413166,-1.1163167469812039,0.05300593376159668,0.029065608978271484,0.03034663200378418,1,current_u,1,1.1161835871413166
WeightedEnsemble,-0.0028880120431435305,-0.0012662213258023557,0.46895885467529297,0.37891674041748047,0.34299999999348074,4,current_u,6,0.0028880120431435305
RecursiveTabular,-0.04485167098314593,-0.050429233646014864,0.2025010585784912,0.14700937271118164,2.1002771854400635,2,current_u,6,0.04485167098314593
DirectTabular,-0.19578981468488343,-0.21087359495911098,0.26144981384277344,0.23190736770629883,1.4072728157043457,3,current_u,6,0.19578981468488343
SeasonalNaive,-1.1168524527303154,-1.1176653278437396,0.04823780059814453,0.029000520706176758,0.02719283103942871,1,current_u,6,1.1168524527303154
WeightedEnsemble,-0.5009694219156239,-0.5081138262404706,0.2952449321746826,0.2423076629638672,0.3279999999795109,4,current_u,12,0.5009694219156239
RecursiveTabular,-0.5009694219156239,-0.5081138262404706,0.2932465076446533,0.2423076629638672,1.3235487937927246,2,current_u,12,0.5009694219156239
SeasonalNaive,-1.1176653278437398,-1.1193254849885508,0.04600119590759277,0.03400564193725586,0.024687767028808594,1,current_u,12,1.1176653278437398
DirectTabular,-2.6459845970049316,-2.8264161557673178,0.21834444999694824,0.20501708984375,1.5674424171447754,3,current_u,12,2.6459845970049316
DirectTabular,-0.1883051958625018,-1.3132884003278231,0.23519277572631836,0.21007180213928223,1.8273274898529053,3,current_u,24,0.1883051958625018
RecursiveTabular,-0.19341985382639726,-0.32289621391089357,0.4407038688659668,0.4095184803009033,1.933164358139038,2,current_u,24,0.19341985382639726
WeightedEnsemble,-0.3404721036510174,-0.0042509014882594525,0.7279024124145508,0.6571695804595947,0.375,4,current_u,24,0.3404721036510174
SeasonalNaive,-1.119325484988551,-0.3950158656450742,0.04600334167480469,0.03757929801940918,0.025003671646118164,1,current_u,24,1.119325484988551
WeightedEnsemble,-0.9461427994049311,-1.0284331518451302,0.07069587707519531,0.029750823974609375,0.40600000001722947,4,current_u,48,0.9461427994049311
SeasonalNaive,-0.9461427994049311,-1.0284331518451302,0.06969714164733887,0.029750823974609375,0.026080846786499023,1,current_u,48,0.9461427994049311
RecursiveTabular,-0.9611306185119796,-3.173265570521103,0.9057047367095947,0.8989486694335938,2.430145025253296,2,current_u,48,0.9611306185119796
DirectTabular,-1.6489891486371213,-3.2432666040296954,0.28075170516967773,0.2288835048675537,1.1592159271240234,3,current_u,48,1.6489891486371213
RecursiveTabular,-0.9334598348706271,-4.226813676867904,1.1147217750549316,1.0543835163116455,3.5744378566741943,2,current_u,72,0.9334598348706271
WeightedEnsemble,-1.5430278475066426,-3.204406575436785,0.0572359561920166,0.03708767890930176,0.35899999999674037,4,current_u,72,1.5430278475066426
SeasonalNaive,-1.5430278475066426,-3.204406575436785,0.055145978927612305,0.03708767890930176,0.025906801223754883,1,current_u,72,1.5430278475066426
DirectTabular,-3.1865099839046356,-3.232580800631777,0.21522092819213867,0.20813918113708496,1.483464002609253,3,current_u,72,3.1865099839046356
RecursiveTabular,-0.7920671658617374,-4.51587243393879,1.7804715633392334,2.119011163711548,1.0239932537078857,2,current_u,96,0.7920671658617374
SeasonalNaive,-0.7927505545472879,-4.453186947240011,0.05300569534301758,0.03807401657104492,0.021916866302490234,1,current_u,96,0.7927505545472879
WeightedEnsemble,-4.065056441858302,-2.3824079385093633,0.2860431671142578,0.2344675064086914,0.5470000000204891,4,current_u,96,4.065056441858302
DirectTabular,-4.065056441858302,-2.3824079385093633,0.2830474376678467,0.2344675064086914,4.191285848617554,3,current_u,96,4.065056441858302
SeasonalNaive,-3.0112746363714606,-1.2416287094547966,0.08218669891357422,0.04850196838378906,0.02298879623413086,1,current_u,144,3.0112746363714606
DirectTabular,-4.5407276500211315,-1.1315331056291447,0.26863741874694824,0.21162939071655273,0.9159204959869385,3,current_u,144,4.5407276500211315
WeightedEnsemble,-4.575849645340586,-1.1015738906248513,2.617293357849121,2.8444292545318604,0.32800000003771856,4,current_u,144,4.575849645340586
RecursiveTabular,-4.866860463701766,-4.7304438982793044,2.342721462249756,2.6327998638153076,1.383512258529663,2,current_u,144,4.866860463701766
DirectTabular,-1.0623586887247292,-3.9325360515497674,0.22435832023620605,0.2718188762664795,0.8919758796691895,3,current_u,168,1.0623586887247292
RecursiveTabular,-1.7028560358273575,-1.8902332931101975,2.4789328575134277,2.312640428543091,1.0769283771514893,2,current_u,168,1.7028560358273575
WeightedEnsemble,-2.7114722570575407,-0.8869866754041066,0.07341599464416504,0.05507802963256836,0.375,4,current_u,168,2.7114722570575407
SeasonalNaive,-2.7114722570575407,-0.8869866754041066,0.07141518592834473,0.05507802963256836,0.03200197219848633,1,current_u,168,2.7114722570575407
WeightedEnsemble,-0.0007242984979054219,-1.956845680409952e-07,0.2004702091217041,0.18834376335144043,0.26600000000325963,4,current_v,1,0.0007242984979054219
DirectTabular,-0.0007242984979054219,-1.956845680409952e-07,0.19828367233276367,0.18834376335144043,1.7593052387237549,3,current_v,1,0.0007242984979054219
RecursiveTabular,-0.07582372351567979,-0.000598325136801891,0.15659594535827637,0.11710000038146973,1.3584606647491455,2,current_v,1,0.07582372351567979
SeasonalNaive,-0.16846887912861816,-0.16832517520499488,0.0440061092376709,0.02158522605895996,0.0150909423828125,1,current_v,1,0.16846887912861816
WeightedEnsemble,-0.0024889729537298246,-0.0024073244755170317,0.43447351455688477,0.3410158157348633,0.28100000001722947,4,current_v,6,0.0024889729537298246
RecursiveTabular,-0.03822920953504106,-0.03832310323079793,0.1992189884185791,0.1540074348449707,0.9318060874938965,2,current_v,6,0.03822920953504106
DirectTabular,-0.051931704841775485,-0.05184207785475849,0.23125457763671875,0.18700838088989258,0.9851248264312744,3,current_v,6,0.051931704841775485
SeasonalNaive,-0.16774986247311152,-0.1668853994236,0.03599691390991211,0.032015085220336914,0.014672040939331055,1,current_v,6,0.16774986247311152
WeightedEnsemble,-0.01959279201779363,-0.006695249366347887,0.36099743843078613,0.25813889503479004,0.5630000000237487,4,current_v,12,0.01959279201779363
SeasonalNaive,-0.1668853994236,-0.16515107457241723,0.04925203323364258,0.034992218017578125,0.02501058578491211,1,current_v,12,0.1668853994236
RecursiveTabular,-0.2813964492027682,-0.34006800648204744,0.30573177337646484,0.22314667701721191,1.7296695709228516,2,current_v,12,0.2813964492027682
DirectTabular,-0.4527088123164226,-0.44669154151322193,0.31346631050109863,0.18313050270080566,1.5806612968444824,3,current_v,12,0.4527088123164226
WeightedEnsemble,-0.11113441017093538,-0.31585943966891084,0.42626523971557617,0.549731969833374,0.4369999999762513,4,current_v,24,0.11113441017093538
SeasonalNaive,-0.16515107457241726,-0.34495726039819163,0.04368758201599121,0.041778564453125,0.036830902099609375,1,current_v,24,0.16515107457241726
RecursiveTabular,-0.23865078774479123,-0.32893232319826177,0.37857985496520996,0.507953405380249,1.5992109775543213,2,current_v,24,0.23865078774479123
DirectTabular,-0.5278340746545532,-0.3522735867780796,0.1986093521118164,0.2160024642944336,1.982468605041504,3,current_v,24,0.5278340746545532
DirectTabular,-0.2297978690876921,-1.7406026014557903,0.2370765209197998,0.1950058937072754,0.9874477386474609,3,current_v,48,0.2297978690876921
WeightedEnsemble,-0.42616917147848304,-1.0567097715979301,0.05419588088989258,0.04064798355102539,0.2809999999590218,4,current_v,48,0.42616917147848304
SeasonalNaive,-0.42616917147848304,-1.0567097715979301,0.05219244956970215,0.04064798355102539,0.017989635467529297,1,current_v,48,0.42616917147848304
RecursiveTabular,-1.027224672903606,-2.9640337965054826,0.6937382221221924,0.6139388084411621,1.0698151588439941,2,current_v,48,1.027224672903606
RecursiveTabular,-1.7305895017121349,-3.4126352027517073,1.3302643299102783,0.8013067245483398,1.2868947982788086,2,current_v,72,1.7305895017121349
WeightedEnsemble,-2.1216206137897604,-2.867411693218145,0.06434392929077148,0.042993783950805664,0.375,4,current_v,72,2.1216206137897604
SeasonalNaive,-2.1216206137897604,-2.867411693218145,0.06334280967712402,0.042993783950805664,0.029015064239501953,1,current_v,72,2.1216206137897604
DirectTabular,-2.78194790602093,-3.2027573658851844,0.2521800994873047,0.19199728965759277,2.0233194828033447,3,current_v,72,2.78194790602093
SeasonalNaive,-0.6933897580324097,-4.098920512046589,0.0540010929107666,0.0305023193359375,0.016905546188354492,1,current_v,96,0.6933897580324097
RecursiveTabular,-2.3551943965442192,-3.885849742037928,1.5764384269714355,1.7454869747161865,1.7923321723937988,2,current_v,96,2.3551943965442192
WeightedEnsemble,-2.9276519303087496,-1.490555001100904,0.2330033779144287,0.2444164752960205,0.2809999999590218,4,current_v,96,2.9276519303087496
DirectTabular,-2.9276519303087496,-1.490555001100904,0.2310044765472412,0.2444164752960205,2.3976783752441406,3,current_v,96,2.9276519303087496
SeasonalNaive,-2.6423819714142294,-1.057595378285505,0.05269336700439453,0.052718162536621094,0.027248144149780273,1,current_v,144,2.6423819714142294
DirectTabular,-3.33179809730775,-1.082743772220444,0.27159547805786133,0.23700666427612305,2.241180658340454,3,current_v,144,3.33179809730775
WeightedEnsemble,-3.7627134922935284,-0.9894178691791282,1.8140873908996582,2.1729850444826297,0.5779999999795109,4,current_v,144,3.7627134922935284
RecursiveTabular,-4.4756517328530805,-1.0706145351435354,1.7570765018463135,2.104266881942749,1.472285509109497,2,current_v,144,4.4756517328530805
WeightedEnsemble,-0.888712770837777,-0.7823907817982848,2.1379594802856445,2.281540870666504,0.375,4,current_v,168,0.888712770837777
DirectTabular,-1.6741052669778147,-5.023885923567038,0.2121262550354004,0.23639774322509766,0.6974015235900879,3,current_v,168,1.6741052669778147
SeasonalNaive,-1.8983192872179966,-0.8753016894609813,0.06605315208435059,0.03991246223449707,0.02100849151611328,1,current_v,168,1.8983192872179966
RecursiveTabular,-4.601767387793911,-1.272227273432816,2.0689127445220947,2.241628408432007,0.6442673206329346,2,current_v,168,4.601767387793911
RecursiveTabular,-0.13794261681267975,-0.15682260150870483,0.12275099754333496,0.10260558128356934,2.868126153945923,2,rain_rate_mm_hr,1,0.13794261681267975
WeightedEnsemble,-0.20306854640856775,-0.11700052585915802,0.23069381713867188,0.18638134002685547,0.2809999999590218,4,rain_rate_mm_hr,1,0.20306854640856775
DirectTabular,-0.20306854640856775,-0.11700052585915802,0.22532343864440918,0.18638134002685547,1.6116180419921875,3,rain_rate_mm_hr,1,0.20306854640856775
SeasonalNaive,-0.4415605195707656,-0.26599202934711025,0.046997785568237305,0.018811464309692383,0.012989521026611328,1,rain_rate_mm_hr,1,0.4415605195707656
WeightedEnsemble,-0.14097768389571755,-0.1014190931216505,0.17262625694274902,0.15990710258483887,0.26500000001396984,4,rain_rate_mm_hr,6,0.14097768389571755
RecursiveTabular,-0.14097768389571755,-0.1014190931216505,0.1694014072418213,0.15990710258483887,2.344620943069458,2,rain_rate_mm_hr,6,0.14097768389571755
SeasonalNaive,-0.15600430271263355,-0.41477172416200975,0.036516666412353516,0.02762746810913086,0.02598118782043457,1,rain_rate_mm_hr,6,0.15600430271263355
DirectTabular,-0.6825674582900031,-0.34419657734091674,0.24100232124328613,0.17700481414794922,1.9478485584259033,3,rain_rate_mm_hr,6,0.6825674582900031
RecursiveTabular,-0.14495781667929897,-0.1452909789766013,0.20545530319213867,0.2657315731048584,2.2582638263702393,2,rain_rate_mm_hr,12,0.14495781667929897
WeightedEnsemble,-0.2851056480895902,-0.026585360243228894,0.05432271957397461,0.04229545593261719,0.28100000001722947,4,rain_rate_mm_hr,12,0.2851056480895902
SeasonalNaive,-0.2851056480895902,-0.026585360243228894,0.052323341369628906,0.04229545593261719,0.028568029403686523,1,rain_rate_mm_hr,12,0.2851056480895902
DirectTabular,-0.5512729474227577,-0.6807777008314909,0.18816304206848145,0.18744993209838867,1.387383222579956,3,rain_rate_mm_hr,12,0.5512729474227577
WeightedEnsemble,-0.15411816384445262,-0.21359878329423598,0.04000353813171387,0.03238844871520996,0.2970000000204891,4,rain_rate_mm_hr,24,0.15411816384445262
SeasonalNaive,-0.15411816384445262,-0.21359878329423598,0.038002729415893555,0.03238844871520996,0.017999887466430664,1,rain_rate_mm_hr,24,0.15411816384445262
DirectTabular,-1.1869559552829694,-0.7027735140869072,0.1832263469696045,0.2109966278076172,1.247502326965332,3,rain_rate_mm_hr,24,1.1869559552829694
RecursiveTabular,-2.028653883824858,-0.5059853062003916,0.3555922508239746,0.3827381134033203,1.4481487274169922,2,rain_rate_mm_hr,24,2.028653883824858
SeasonalNaive,-0.1683592192887128,-0.4527857235356523,0.05199909210205078,0.03821969032287598,0.017976760864257812,1,rain_rate_mm_hr,48,0.1683592192887128
WeightedEnsemble,-0.1980005767149923,-0.4151587060355893,0.7456839084625244,0.8877866268157959,0.26600000000325963,4,rain_rate_mm_hr,48,0.1980005767149923
RecursiveTabular,-0.4453277871175065,-0.5353857319851799,0.6896772384643555,0.8495669364929199,2.3404037952423096,2,rain_rate_mm_hr,48,0.4453277871175065
DirectTabular,-0.766323666859639,-0.7650345910475923,0.19632697105407715,0.18699288368225098,1.3466835021972656,3,rain_rate_mm_hr,48,0.766323666859639
SeasonalNaive,-0.3102600593403044,-3.1974034107868103,0.04842734336853027,0.03803896903991699,0.01891922950744629,1,rain_rate_mm_hr,72,0.3102600593403044
RecursiveTabular,-0.8679601656843879,-2.567279504980451,0.8703405857086182,1.2503480911254883,2.236856698989868,2,rain_rate_mm_hr,72,0.8679601656843879
WeightedEnsemble,-1.2759292990490954,-1.2441041574495162,1.144585132598877,1.4474849376711063,0.3279999999795109,4,rain_rate_mm_hr,72,1.2759292990490954
DirectTabular,-1.708752549450595,-1.4233060006382168,0.2712419033050537,0.1811368465423584,1.9149081707000732,3,rain_rate_mm_hr,72,1.708752549450595
SeasonalNaive,-0.3812115819730695,-3.145338991697887,0.05742955207824707,0.028002500534057617,0.016995668411254883,1,rain_rate_mm_hr,96,0.3812115819730695
RecursiveTabular,-0.40567392137774133,-3.1583449446213714,1.2541165351867676,1.0838487148284912,1.163243293762207,2,rain_rate_mm_hr,96,0.40567392137774133
WeightedEnsemble,-0.719780619638423,-3.050884357425234,1.4869153499603271,1.2629997730255127,0.26600000000325963,4,rain_rate_mm_hr,96,0.719780619638423
DirectTabular,-0.8418827262349188,-3.0633197436060158,0.22779631614685059,0.17915105819702148,0.8613781929016113,3,rain_rate_mm_hr,96,0.8418827262349188
DirectTabular,-0.6962853360507225,-2.558780950323686,0.19542169570922852,0.1940021514892578,0.7057158946990967,3,rain_rate_mm_hr,144,0.6962853360507225
RecursiveTabular,-2.8210096845735073,-2.6556631236991723,1.7373161315917969,1.4295105934143066,0.8749430179595947,2,rain_rate_mm_hr,144,2.8210096845735073
WeightedEnsemble,-3.0645297785066763,-2.43280006855021,1.8019435405731201,1.5340611934661865,0.23399999999674037,4,rain_rate_mm_hr,144,3.0645297785066763
SeasonalNaive,-3.1966830337251047,-2.5131788316291197,0.06162619590759277,0.10455060005187988,0.033006906509399414,1,rain_rate_mm_hr,144,3.1966830337251047
DirectTabular,-1.2071414456288487,-1.7166809500224478,0.19154763221740723,0.19100379943847656,0.8348636627197266,3,rain_rate_mm_hr,168,1.2071414456288487
WeightedEnsemble,-5.643593338635419,-1.556294780060522,1.8396849632263184,1.8381071090698242,0.4220000000204891,4,rain_rate_mm_hr,168,5.643593338635419
RecursiveTabular,-5.643593338635419,-1.556294780060522,1.838167667388916,1.8381071090698242,1.3314661979675293,2,rain_rate_mm_hr,168,5.643593338635419
SeasonalNaive,-6.33771517349618,-1.6404387293098728,0.0593104362487793,0.0468289852142334,0.015939950942993164,1,rain_rate_mm_hr,168,6.33771517349618
